{
 "analysis":{
   "authors":"Sergei L Kosakovsky Pond",
   "contact":"spond@temple.edu",
   "info":"Fit an MG94xREV model with several selectable options frequency estimator and \nreport the fit results including dN/dS ratios, and synonymous and non-synonymous branch lengths. v0.2 adds LRT test for dN/dS != 1",
   "requirements":"in-frame codon alignment and a phylogenetic tree",
   "version":"0.2"
  },
 "branch attributes":{
   "0":{
     "BABOON":{
       "Nucleotide GTR":0.001685167627438706,
       "Standard MG94":0.001771827681931694,
       "dN":0.001666640466728974,
       "dS":0.002164975340291904,
       "nonsynonymous":0.001314850377895777,
       "original name":"BABOON",
       "synonymous":0.0004569773040359174
      },
     "CAT":{
       "Nucleotide GTR":0.266053600556537,
       "Standard MG94":0.2739823133661592,
       "dN":0.2577169412582095,
       "dS":0.3347757562220608,
       "nonsynonymous":0.2033187267248835,
       "original name":"CAT",
       "synonymous":0.07066358664127594
      },
     "CHIMP":{
       "Nucleotide GTR":0.00182025802624716,
       "Standard MG94":0.001827117679032472,
       "dN":0.001718648089994582,
       "dS":0.002232533535430546,
       "nonsynonymous":0.001355880368748247,
       "original name":"CHIMP",
       "synonymous":0.0004712373102842224
      },
     "COW":{
       "Nucleotide GTR":0.2480198736202887,
       "Standard MG94":0.2477280445124562,
       "dN":0.2330212965619604,
       "dS":0.3026959748611036,
       "nonsynonymous":0.183835773796846,
       "original name":"COW",
       "synonymous":0.06389227071561032
      },
     "HORSE":{
       "Nucleotide GTR":0.2090998951314528,
       "Standard MG94":0.211164556837055,
       "dN":0.198628455324638,
       "dS":0.258019480651458,
       "nonsynonymous":0.1567024830838487,
       "original name":"HORSE",
       "synonymous":0.05446207375320641
      },
     "HUMAN":{
       "Nucleotide GTR":0,
       "Standard MG94":0,
       "dN":1.267551422387835e-10,
       "dS":4.737599266246584e-10,
       "nonsynonymous":1e-10,
       "original name":"HUMAN",
       "synonymous":1e-10
      },
     "MOUSE":{
       "Nucleotide GTR":0.1181058300202335,
       "Standard MG94":0.1200704032673897,
       "dN":0.1129422431890943,
       "dS":0.1467126091457153,
       "nonsynonymous":0.08910269137352382,
       "original name":"MOUSE",
       "synonymous":0.03096771189386602
      },
     "Node10":{
       "Nucleotide GTR":0.10622012476689,
       "Standard MG94":0.1095307030216598,
       "dN":0.1030282481003755,
       "dS":0.1338342737642535,
       "nonsynonymous":0.08128131630848487,
       "synonymous":0.02824938671317492
      },
     "Node11":{
       "Nucleotide GTR":0.02567813731766777,
       "Standard MG94":0.02590775848114714,
       "dN":0.02436970543311855,
       "dS":0.03165638442490724,
       "nonsynonymous":0.01922581206781378,
       "synonymous":0.006681946413333383
      },
     "Node14":{
       "Nucleotide GTR":0.01784222107547788,
       "Standard MG94":0.01788843502550118,
       "dN":0.01682646117564244,
       "dS":0.02185766770750622,
       "nonsynonymous":0.01327477598024739,
       "synonymous":0.00461365904525378
      },
     "Node3":{
       "Nucleotide GTR":0.276710516660671,
       "Standard MG94":0.2840687663083508,
       "dN":0.2672045967512574,
       "dS":0.3471002740708008,
       "nonsynonymous":0.2108037528354415,
       "synonymous":0.07326501347290922
      },
     "Node4":{
       "Nucleotide GTR":0.06614755778874103,
       "Standard MG94":0.06423025608794973,
       "dN":0.06041713033167808,
       "dS":0.0784821921166971,
       "nonsynonymous":0.0476644412720261,
       "synonymous":0.01656581481592374
      },
     "Node5":{
       "Nucleotide GTR":0.09883748384346264,
       "Standard MG94":0.1016994779104912,
       "dN":0.09566193544625308,
       "dS":0.1242653921947599,
       "nonsynonymous":0.07546986556651369,
       "synonymous":0.02622961234397745
      },
     "PIG":{
       "Nucleotide GTR":0.1871390433176674,
       "Standard MG94":0.1926400015572171,
       "dN":0.1812036381302954,
       "dS":0.2353845451102098,
       "nonsynonymous":0.1429556505005067,
       "original name":"PIG",
       "synonymous":0.04968435105671059
      },
     "RAT":{
       "Nucleotide GTR":0.06661490529694925,
       "Standard MG94":0.06695976550451269,
       "dN":0.06298459831648902,
       "dS":0.08181734746967732,
       "nonsynonymous":0.04968997486337682,
       "original name":"RAT",
       "synonymous":0.01726979064113585
      },
     "RHMONKEY":{
       "Nucleotide GTR":0.003778804718558436,
       "Standard MG94":0.003715094572838125,
       "dN":0.003494542395943843,
       "dS":0.004539430227367271,
       "nonsynonymous":0.002756923572663243,
       "original name":"RHMONKEY",
       "synonymous":0.0009581710001748809
      }
    },
   "attributes":{
     "Nucleotide GTR":{
       "attribute type":"branch length",
       "display order":0
      },
     "Standard MG94":{
       "attribute type":"branch length",
       "display order":1
      },
     "dN":{
       "attribute type":"branch length",
       "display order":2
      },
     "dS":{
       "attribute type":"branch length",
       "display order":2
      },
     "nonsynonymous":{
       "attribute type":"branch length",
       "display order":3
      },
     "original name":{
       "attribute type":"node label",
       "display order":-1
      },
     "synonymous":{
       "attribute type":"branch length",
       "display order":2
      }
    }
  },
 "data partitions":{
   "0":{
     "coverage":      [
[0, 1, 2, 3, 4, 5, 6, 7, 8, 9, 10, 11, 12, 13, 14, 15, 16, 17, 18, 19, 20, 21, 22, 23, 24, 25, 26, 27, 28, 29, 30, 31, 32, 33, 34, 35, 36, 37, 38, 39, 40, 41, 42, 43, 44, 45, 46, 47, 48, 49, 50, 51, 52, 53, 54, 55, 56, 57, 58, 59, 60, 61, 62, 63, 64, 65, 66, 67, 68, 69, 70, 71, 72, 73, 74, 75, 76, 77, 78, 79, 80, 81, 82, 83, 84, 85, 86, 87, 88, 89, 90, 91, 92, 93, 94, 95, 96, 97, 98, 99, 100, 101, 102, 103, 104, 105, 106, 107, 108, 109, 110, 111, 112, 113, 114, 115, 116, 117, 118, 119, 120, 121, 122, 123, 124, 125, 126, 127, 128, 129, 130, 131, 132, 133, 134, 135, 136, 137, 138, 139, 140, 141, 142, 143, 144, 145, 146, 147, 148, 149, 150, 151, 152, 153, 154, 155, 156, 157, 158, 159, 160, 161, 162, 163, 164, 165, 166, 167, 168, 169, 170, 171, 172, 173, 174, 175, 176, 177, 178, 179, 180, 181, 182, 183, 184, 185, 186] 
      ],
     "name":"fitter.filter.default"
    }
  },
 "fits":{
   "Nucleotide GTR":{
     "AIC-c":7112.857288724223,
     "Equilibrium frequencies":      [
[0.3592490842490842],
      [0.181959706959707],
      [0.240018315018315],
      [0.2187728937728937] 
      ],
     "Log Likelihood":-3532.321213744385,
     "Rate Distributions":{
       "Substitution rate from nucleotide A to nucleotide C":0.5501644804691693,
       "Substitution rate from nucleotide A to nucleotide G":1,
       "Substitution rate from nucleotide A to nucleotide T":0.2646800226218097,
       "Substitution rate from nucleotide C to nucleotide G":0.4918071750096253,
       "Substitution rate from nucleotide C to nucleotide T":1.028675136267606,
       "Substitution rate from nucleotide G to nucleotide T":0.3045013032215483
      },
     "display order":0,
     "estimated parameters":24
    },
   "Standard MG94":{
     "AIC-c":6997.106284722211,
     "Confidence Intervals":{
       "non-synonymous/synonymous rate ratio":{
         "LB":0.9094485726998357,
         "UB":1.091218694565384
        }
      },
     "Log Likelihood":-3467.013425277319,
     "Rate Distributions":{
       "Substitution rate from nucleotide A to nucleotide C":0.5785774539742864,
       "Substitution rate from nucleotide A to nucleotide G":1,
       "Substitution rate from nucleotide A to nucleotide T":0.2658515200473827,
       "Substitution rate from nucleotide C to nucleotide G":0.4750832703164077,