{
 "distributions":{
   "0":    [
[0, 0.3243033731484445],
    [0, 0.05169799679720603],
    [1.72311268758951, 0.6239986300543495] 
    ],
   "1":    [
[0.306610934700062, 0.6851311276395798],
    [0.8203718498689812, 0],
    [3.369098635615948, 0.3148688723604202] 
    ],
   "shared":    [
[0.1168235325171251, 0.249566428272481],
    [0.1263383582567932, 0.2512010138826047],
    [2.147400118054277, 0.4992325578449143] 
    ]
  },
 "files":  [
["/Users/sergei/Development/hyphy-analyses/BUSTED-compare/examples/model1-replicate1.fit", "/Users/sergei/Development/hyphy-analyses/BUSTED-compare/examples/model1-replicate2.fit"] 
  ],
 "fits":{
   "constrained":-6963.464144056938,
   "unconstrained":-6961.841970096701
  },
 "test":{
   "LRT":3.244347920473956,
   "p-value":0.6623721626107559
  }
}