{
 "distributions":{
   "0":    [
[0, 0.3243033731484445],
    [0, 0.05169799679720603],
    [1.72311268758951, 0.6239986300543495] 
    ],
   "1":    [
[0, 0.4083382441534102],
    [0.7056376381286771, 0.2248047652973171],
    [15.89560980115623, 0.3668569905492727] 
    ],
   "shared":    [
[0.01769463166264496, 0.3048507067802265],
    [0.04383442285939207, 0.2195527618683053],
    [4.068589665892148, 0.4755965313514682] 
    ]
  },
 "files":  [
["/Users/sergei/Development/hyphy-analyses/BUSTED-compare/examples/model1-replicate1.fit", "/Users/sergei/Development/hyphy-analyses/BUSTED-compare/examples/model2-replicate1.fit"] 
  ],
 "fits":{
   "constrained":-7934.300983098563,
   "unconstrained":-7907.308246552157
  },
 "test":{
   "LRT":53.98547309281275,
   "p-value":2.110283059408857e-10
  }
}